id,name,email,gender,dob,signup_date,city,contact
1,Harsh Madan,hhari@example.com,Female,15-01-1983,19-02-2025,Gudivada,9342048492
2,Shaurya Mishra,qsabharwal@example.com,Male,17-08-1992,15-10-2024,Berhampur,8632346585
3,Abeer Nazareth,pranavlalla@example.net,Male,27-06-1980,03-08-2024,Medininagar,9864980829
4,Dhriti Bandi,aishani91@example.org,Female,26-09-1994,27-06-2025,Kadapa,8653247446
5,Vivaan Trivedi,buchekbal@example.org,Other,03-11-2002,30-06-2024,Khora ,7196423868
6,Chaman Deshmukh,maanas28@example.com,Male,12-12-1998,15-06-2025,Raurkela Industrial Township,7506757457
7,Ishita Chhabra,hayreupkaar@example.net,Female,11-02-2006,05-03-2025,Srinagar,7847548888
8,Radha Seth,mugdhagara@example.org,Other,12-10-1977,15-01-2025,Amroha,8362180186
9,Vasudha Koshy,jeevika45@example.com,Female,17-04-1994,27-02-2024,Aurangabad,9308452323
10,Ryan Chakrabarti,hemanichawla@example.com,Other,30-05-1975,25-03-2025,Junagadh,6196021288
11,Anay Seth,meeralal@example.org,Male,13-06-1970,21-11-2024,Tadepalligudem,7845966998
12,Ishita Ganguly,reyanshmital@example.org,Male,08-07-1970,29-01-2024,Avadi,8207382662
13,Quincy Oza,anay56@example.org,Male,22-06-2006,20-07-2025,Faridabad,9062940008
14,Logan Mander,devkrishnan@example.net,Female,20-10-1991,23-12-2023,Agra,7178512483
15,Nitara Pathak,ithaman@example.net,Female,15-12-1999,28-08-2025,Ajmer,7760419687
16,Zilmil Bhatia,sastrymax@example.net,Female,13-03-2007,30-08-2025,Kochi,8191973428
17,Gavin Ganesh,janujabose@example.net,Other,06-10-1994,16-06-2025,Kakinada,7002160880
18,Abhiram Lad,singhaleshana@example.org,Female,11-11-1979,01-11-2023,Siwan,9318459665
19,Kavya Salvi,gsastry@example.com,Other,25-02-1998,25-11-2023,Karimnagar,8204269021
20,Pahal Sehgal,yashoda27@example.net,Male,12-09-1993,26-10-2023,Alwar,7708981069
21,Vincent Devi,waida67@example.net,Female,13-07-1982,23-03-2024,Kolhapur,8092854335
22,Odika Kalita,dsahni@example.net,Other,02-03-1994,04-05-2024,Ahmedabad,6630135387
23,Janani Prashad,parmerhemangini@example.com,Male,28-04-1973,11-06-2024,Aurangabad,7038938560
24,Wishi Lanka,modyquincy@example.com,Female,16-08-2004,24-07-2025,Kolkata,9895357911
25,Hemani Subramaniam,tanvi81@example.com,Female,04-11-1994,08-02-2024,Kirari Suleman Nagar,7368874196
26,Xavier Shenoy,ksathe@example.com,Other,07-10-1969,09-05-2024,Bathinda,9753848649
27,Azad Andra,srivastavanitesh@example.org,Female,24-09-1967,24-11-2023,Munger,6446338176
28,Aradhana Kapadia,ttak@example.org,Female,03-03-1996,15-12-2023,Dehradun,6787839910
29,Qasim Kumer,chandkrisha@example.net,Female,13-09-2006,02-04-2024,Aurangabad,6628277487
30,Wridesh Yohannan,prajagopalan@example.com,Other,01-10-1973,16-11-2024,Bellary,9806117282
31,Aadi Nagar,brindasandhu@example.org,Other,04-05-1967,12-08-2024,Tadepalligudem,7404042572
32,Nitara Soni,kritikabrar@example.com,Other,06-06-1999,13-09-2024,Bhagalpur,8457819849
33,Sanya Bahl,chandrandevi@example.org,Male,25-06-1995,04-07-2024,Aurangabad,9264693460
34,Warinder Kunda,panchalhardik@example.net,Female,22-01-1975,13-12-2023,Udaipur,9135436016
35,Ishani Gill,vkarnik@example.org,Male,26-09-1980,19-03-2024,Cuttack,7250481153
36,Mohammed Lanka,bkakar@example.org,Female,12-08-1981,15-06-2025,Machilipatnam,7101376081
37,Sai Balan,chandapranit@example.com,Female,24-11-2002,26-09-2024,Kulti,7101286279
38,Libni Chandran,esunder@example.net,Female,19-04-1969,10-08-2024,Ballia,9260647227
39,Ekansh Parmer,kamyamani@example.org,Other,25-07-1995,28-11-2023,Jamshedpur,9342682532
40,Qadim Sankar,kannanjatin@example.com,Other,31-12-2001,26-03-2025,Nagaon,9760875877
41,Ojasvi Saha,alkaparekh@example.com,Other,14-05-2006,04-08-2025,Mira-Bhayandar,7544542564
42,Bishakha Karnik,alad@example.org,Female,15-03-1966,03-10-2024,Sangli-Miraj & Kupwad,7267742069
43,Lipika Gade,warinder83@example.com,Female,09-02-2005,31-01-2025,Tiruppur,8459983375
44,Urvashi Dhillon,williamvirk@example.org,Male,07-04-1998,25-11-2023,Thoothukudi,8555273685
45,Nicholas Talwar,ddugar@example.net,Other,01-03-1988,09-09-2024,Thane,9399686942
46,Inaya Mall,bimalaroy@example.org,Female,13-03-1987,15-12-2023,Ghaziabad,7241404480
47,Tara Shan,atwalriya@example.net,Other,02-08-2005,17-06-2025,Vijayanagaram,6187949386
48,Maya Narayanan,harshil72@example.net,Female,16-09-1969,04-10-2024,Haridwar,6545297581
49,Vedhika Chhabra,bucharadhana@example.org,Other,23-06-1986,19-08-2024,Hazaribagh,8200137117
50,Simon Acharya,isachdeva@example.org,Male,08-11-1975,07-07-2024,Howrah,8381902295
51,Bhavika Garde,zinalbhatti@example.net,Other,25-07-1994,01-05-2024,Nagpur,7627365035
52,Oliver Wali,anshkohli@example.com,Other,26-03-2001,27-06-2024,Suryapet,7725830410
53,Praneel Wadhwa,banjeet55@example.org,Female,11-05-1989,08-02-2024,Gandhidham,7208735453
54,Logan Kohli,koshyansh@example.com,Male,27-06-1973,06-10-2024,Tezpur,9278593223
55,Nihal Borra,isaiahseth@example.com,Male,03-10-1982,22-05-2024,Unnao,7692896398
56,Frado Lall,bhavikasule@example.net,Other,09-05-1996,06-06-2025,Satna,7715602563
57,Amara Sarkar,noah65@example.org,Female,25-02-1990,29-04-2024,Satara,6702888719
58,Tanmayi Loyal,ojasvi39@example.net,Male,02-08-1990,05-12-2023,Sonipat,9805556322
59,Libni Parikh,otoor@example.net,Other,30-06-1989,23-12-2023,Haridwar,9495400960
60,Isaac Rege,gsami@example.net,Other,11-02-1984,20-09-2024,Thane,7275449207
61,Anya Randhawa,triyaratti@example.net,Female,15-01-1992,16-05-2025,Barasat,8989168595
62,Ekta Uppal,vamakshi01@example.com,Other,08-01-1976,21-08-2024,Gangtok,9363145381
63,Zaid Vyas,jasonsama@example.org,Other,16-05-1998,15-08-2024,Singrauli,8519182369
64,Logan Mohan,geraraksha@example.com,Male,07-07-1977,14-06-2024,Berhampur,7225558437
65,Yamini Ravi,daramax@example.com,Male,12-08-1992,26-05-2024,Tiruvottiyur,8830042928
66,Rohan Char,mohammedbrar@example.net,Male,14-05-2006,16-10-2024,Malda,6011018624
67,Aadi Peri,mistrybhavya@example.com,Female,29-01-1982,20-03-2025,Medininagar,8889077926
68,Lipika Lal,harrison88@example.com,Male,20-05-1965,05-10-2023,Kirari Suleman Nagar,8301212405
69,Daksh Kapadia,dgera@example.org,Other,23-12-1978,14-09-2024,Sagar,9138457781
70,Madhav Comar,keerhitesh@example.net,Other,07-12-1966,22-10-2023,Dhanbad,8891475303
71,Advaith Dixit,yashawini60@example.net,Male,10-05-1979,20-01-2025,Mahbubnagar,9970827824
72,Divya Balay,diyaviswanathan@example.net,Female,16-11-1964,11-09-2023,Thrissur,6594596441
73,Gopal Bala,rgrewal@example.com,Male,09-11-2006,24-09-2024,Karimnagar,6264912946
74,Daniel Varkey,saumyasule@example.com,Male,25-04-1982,04-07-2025,Mango,7727677136
75,Keya De,jananipillay@example.com,Female,16-09-1984,24-10-2023,Cuttack,7930578744
